-- MySQL dump 10.13  Distrib 8.0.44, for Win64 (x86_64)
--
-- Host: 127.0.0.1    Database: ecommerce_db
-- ------------------------------------------------------
-- Server version	8.0.17

/*!40101 SET @OLD_CHARACTER_SET_CLIENT=@@CHARACTER_SET_CLIENT */;
/*!40101 SET @OLD_CHARACTER_SET_RESULTS=@@CHARACTER_SET_RESULTS */;
/*!40101 SET @OLD_COLLATION_CONNECTION=@@COLLATION_CONNECTION */;
/*!50503 SET NAMES utf8 */;
/*!40103 SET @OLD_TIME_ZONE=@@TIME_ZONE */;
/*!40103 SET TIME_ZONE='+00:00' */;
/*!40014 SET @OLD_UNIQUE_CHECKS=@@UNIQUE_CHECKS, UNIQUE_CHECKS=0 */;
/*!40014 SET @OLD_FOREIGN_KEY_CHECKS=@@FOREIGN_KEY_CHECKS, FOREIGN_KEY_CHECKS=0 */;
/*!40101 SET @OLD_SQL_MODE=@@SQL_MODE, SQL_MODE='NO_AUTO_VALUE_ON_ZERO' */;
/*!40111 SET @OLD_SQL_NOTES=@@SQL_NOTES, SQL_NOTES=0 */;

--
-- Table structure for table `auth_group`
--

DROP TABLE IF EXISTS `auth_group`;
/*!40101 SET @saved_cs_client     = @@character_set_client */;
/*!50503 SET character_set_client = utf8mb4 */;
CREATE TABLE `auth_group` (
  `id` int(11) NOT NULL AUTO_INCREMENT,
  `name` varchar(150) COLLATE utf8mb4_unicode_ci NOT NULL,
  PRIMARY KEY (`id`),
  UNIQUE KEY `name` (`name`)
) ENGINE=InnoDB DEFAULT CHARSET=utf8mb4 COLLATE=utf8mb4_unicode_ci;
/*!40101 SET character_set_client = @saved_cs_client */;

--
-- Dumping data for table `auth_group`
--

LOCK TABLES `auth_group` WRITE;
/*!40000 ALTER TABLE `auth_group` DISABLE KEYS */;
/*!40000 ALTER TABLE `auth_group` ENABLE KEYS */;
UNLOCK TABLES;

--
-- Table structure for table `auth_group_permissions`
--

DROP TABLE IF EXISTS `auth_group_permissions`;
/*!40101 SET @saved_cs_client     = @@character_set_client */;
/*!50503 SET character_set_client = utf8mb4 */;
CREATE TABLE `auth_group_permissions` (
  `id` bigint(20) NOT NULL AUTO_INCREMENT,
  `group_id` int(11) NOT NULL,
  `permission_id` int(11) NOT NULL,
  PRIMARY KEY (`id`),
  UNIQUE KEY `auth_group_permissions_group_id_permission_id_0cd325b0_uniq` (`group_id`,`permission_id`),
  KEY `auth_group_permissio_permission_id_84c5c92e_fk_auth_perm` (`permission_id`),
  CONSTRAINT `auth_group_permissio_permission_id_84c5c92e_fk_auth_perm` FOREIGN KEY (`permission_id`) REFERENCES `auth_permission` (`id`),
  CONSTRAINT `auth_group_permissions_group_id_b120cbf9_fk_auth_group_id` FOREIGN KEY (`group_id`) REFERENCES `auth_group` (`id`)
) ENGINE=InnoDB DEFAULT CHARSET=utf8mb4 COLLATE=utf8mb4_unicode_ci;
/*!40101 SET character_set_client = @saved_cs_client */;

--
-- Dumping data for table `auth_group_permissions`
--

LOCK TABLES `auth_group_permissions` WRITE;
/*!40000 ALTER TABLE `auth_group_permissions` DISABLE KEYS */;
/*!40000 ALTER TABLE `auth_group_permissions` ENABLE KEYS */;
UNLOCK TABLES;

--
-- Table structure for table `auth_permission`
--

DROP TABLE IF EXISTS `auth_permission`;
/*!40101 SET @saved_cs_client     = @@character_set_client */;
/*!50503 SET character_set_client = utf8mb4 */;
CREATE TABLE `auth_permission` (
  `id` int(11) NOT NULL AUTO_INCREMENT,
  `name` varchar(255) COLLATE utf8mb4_unicode_ci NOT NULL,
  `content_type_id` int(11) NOT NULL,
  `codename` varchar(100) COLLATE utf8mb4_unicode_ci NOT NULL,
  PRIMARY KEY (`id`),
  UNIQUE KEY `auth_permission_content_type_id_codename_01ab375a_uniq` (`content_type_id`,`codename`),
  CONSTRAINT `auth_permission_content_type_id_2f476e4b_fk_django_co` FOREIGN KEY (`content_type_id`) REFERENCES `django_content_type` (`id`)
) ENGINE=InnoDB AUTO_INCREMENT=57 DEFAULT CHARSET=utf8mb4 COLLATE=utf8mb4_unicode_ci;
/*!40101 SET character_set_client = @saved_cs_client */;

--
-- Dumping data for table `auth_permission`
--

LOCK TABLES `auth_permission` WRITE;
/*!40000 ALTER TABLE `auth_permission` DISABLE KEYS */;
INSERT INTO `auth_permission` VALUES (1,'Can add log entry',1,'add_logentry'),(2,'Can change log entry',1,'change_logentry'),(3,'Can delete log entry',1,'delete_logentry'),(4,'Can view log entry',1,'view_logentry'),(5,'Can add permission',2,'add_permission'),(6,'Can change permission',2,'change_permission'),(7,'Can delete permission',2,'delete_permission'),(8,'Can view permission',2,'view_permission'),(9,'Can add group',3,'add_group'),(10,'Can change group',3,'change_group'),(11,'Can delete group',3,'delete_group'),(12,'Can view group',3,'view_group'),(13,'Can add user',4,'add_user'),(14,'Can change user',4,'change_user'),(15,'Can delete user',4,'delete_user'),(16,'Can view user',4,'view_user'),(17,'Can add content type',5,'add_contenttype'),(18,'Can change content type',5,'change_contenttype'),(19,'Can delete content type',5,'delete_contenttype'),(20,'Can view content type',5,'view_contenttype'),(21,'Can add session',6,'add_session'),(22,'Can change session',6,'change_session'),(23,'Can delete session',6,'delete_session'),(24,'Can view session',6,'view_session'),(25,'Can add product',7,'add_product'),(26,'Can change product',7,'change_product'),(27,'Can delete product',7,'delete_product'),(28,'Can view product',7,'view_product'),(29,'Can add cart',8,'add_cart'),(30,'Can change cart',8,'change_cart'),(31,'Can delete cart',8,'delete_cart'),(32,'Can view cart',8,'view_cart'),(33,'Can add cart item',9,'add_cartitem'),(34,'Can change cart item',9,'change_cartitem'),(35,'Can delete cart item',9,'delete_cartitem'),(36,'Can view cart item',9,'view_cartitem'),(37,'Can add notification',10,'add_notification'),(38,'Can change notification',10,'change_notification'),(39,'Can delete notification',10,'delete_notification'),(40,'Can view notification',10,'view_notification'),(41,'Can add order',11,'add_order'),(42,'Can change order',11,'change_order'),(43,'Can delete order',11,'delete_order'),(44,'Can view order',11,'view_order'),(45,'Can add order item',12,'add_orderitem'),(46,'Can change order item',12,'change_orderitem'),(47,'Can delete order item',12,'delete_orderitem'),(48,'Can view order item',12,'view_orderitem'),(49,'Can add payment slip',13,'add_paymentslip'),(50,'Can change payment slip',13,'change_paymentslip'),(51,'Can delete payment slip',13,'delete_paymentslip'),(52,'Can view payment slip',13,'view_paymentslip'),(53,'Can add shipping address',14,'add_shippingaddress'),(54,'Can change shipping address',14,'change_shippingaddress'),(55,'Can delete shipping address',14,'delete_shippingaddress'),(56,'Can view shipping address',14,'view_shippingaddress');
/*!40000 ALTER TABLE `auth_permission` ENABLE KEYS */;
UNLOCK TABLES;

--
-- Table structure for table `auth_user`
--

DROP TABLE IF EXISTS `auth_user`;
/*!40101 SET @saved_cs_client     = @@character_set_client */;
/*!50503 SET character_set_client = utf8mb4 */;
CREATE TABLE `auth_user` (
  `id` int(11) NOT NULL AUTO_INCREMENT,
  `password` varchar(128) COLLATE utf8mb4_unicode_ci NOT NULL,
  `last_login` datetime(6) DEFAULT NULL,
  `is_superuser` tinyint(1) NOT NULL,
  `username` varchar(150) COLLATE utf8mb4_unicode_ci NOT NULL,
  `first_name` varchar(150) COLLATE utf8mb4_unicode_ci NOT NULL,
  `last_name` varchar(150) COLLATE utf8mb4_unicode_ci NOT NULL,
  `email` varchar(254) COLLATE utf8mb4_unicode_ci NOT NULL,
  `is_staff` tinyint(1) NOT NULL,
  `is_active` tinyint(1) NOT NULL,
  `date_joined` datetime(6) NOT NULL,
  PRIMARY KEY (`id`),
  UNIQUE KEY `username` (`username`)
) ENGINE=InnoDB AUTO_INCREMENT=2 DEFAULT CHARSET=utf8mb4 COLLATE=utf8mb4_unicode_ci;
/*!40101 SET character_set_client = @saved_cs_client */;

--
-- Dumping data for table `auth_user`
--

LOCK TABLES `auth_user` WRITE;
/*!40000 ALTER TABLE `auth_user` DISABLE KEYS */;
INSERT INTO `auth_user` VALUES (1,'pbkdf2_sha256$1000000$SkhAkMWSXqBQgBOvAYDQb8$Vu1tAM2gN+63SFmO1eE+WBEntEKuyVJARHQoEH9sDKg=','2026-02-16 03:12:26.338393',1,'panuw','','','panuwat080447@gmail.com',1,1,'2026-02-12 16:12:02.039022');
/*!40000 ALTER TABLE `auth_user` ENABLE KEYS */;
UNLOCK TABLES;

--
-- Table structure for table `auth_user_groups`
--

DROP TABLE IF EXISTS `auth_user_groups`;
/*!40101 SET @saved_cs_client     = @@character_set_client */;
/*!50503 SET character_set_client = utf8mb4 */;
CREATE TABLE `auth_user_groups` (
  `id` bigint(20) NOT NULL AUTO_INCREMENT,
  `user_id` int(11) NOT NULL,
  `group_id` int(11) NOT NULL,
  PRIMARY KEY (`id`),
  UNIQUE KEY `auth_user_groups_user_id_group_id_94350c0c_uniq` (`user_id`,`group_id`),
  KEY `auth_user_groups_group_id_97559544_fk_auth_group_id` (`group_id`),
  CONSTRAINT `auth_user_groups_group_id_97559544_fk_auth_group_id` FOREIGN KEY (`group_id`) REFERENCES `auth_group` (`id`),
  CONSTRAINT `auth_user_groups_user_id_6a12ed8b_fk_auth_user_id` FOREIGN KEY (`user_id`) REFERENCES `auth_user` (`id`)
) ENGINE=InnoDB DEFAULT CHARSET=utf8mb4 COLLATE=utf8mb4_unicode_ci;
/*!40101 SET character_set_client = @saved_cs_client */;

--
-- Dumping data for table `auth_user_groups`
--

LOCK TABLES `auth_user_groups` WRITE;
/*!40000 ALTER TABLE `auth_user_groups` DISABLE KEYS */;
/*!40000 ALTER TABLE `auth_user_groups` ENABLE KEYS */;
UNLOCK TABLES;

--
-- Table structure for table `auth_user_user_permissions`
--

DROP TABLE IF EXISTS `auth_user_user_permissions`;
/*!40101 SET @saved_cs_client     = @@character_set_client */;
/*!50503 SET character_set_client = utf8mb4 */;
CREATE TABLE `auth_user_user_permissions` (
  `id` bigint(20) NOT NULL AUTO_INCREMENT,
  `user_id` int(11) NOT NULL,
  `permission_id` int(11) NOT NULL,
  PRIMARY KEY (`id`),
  UNIQUE KEY `auth_user_user_permissions_user_id_permission_id_14a6b632_uniq` (`user_id`,`permission_id`),
  KEY `auth_user_user_permi_permission_id_1fbb5f2c_fk_auth_perm` (`permission_id`),
  CONSTRAINT `auth_user_user_permi_permission_id_1fbb5f2c_fk_auth_perm` FOREIGN KEY (`permission_id`) REFERENCES `auth_permission` (`id`),
  CONSTRAINT `auth_user_user_permissions_user_id_a95ead1b_fk_auth_user_id` FOREIGN KEY (`user_id`) REFERENCES `auth_user` (`id`)
) ENGINE=InnoDB DEFAULT CHARSET=utf8mb4 COLLATE=utf8mb4_unicode_ci;
/*!40101 SET character_set_client = @saved_cs_client */;

--
-- Dumping data for table `auth_user_user_permissions`
--

LOCK TABLES `auth_user_user_permissions` WRITE;
/*!40000 ALTER TABLE `auth_user_user_permissions` DISABLE KEYS */;
/*!40000 ALTER TABLE `auth_user_user_permissions` ENABLE KEYS */;
UNLOCK TABLES;

--
-- Table structure for table `django_admin_log`
--

DROP TABLE IF EXISTS `django_admin_log`;
/*!40101 SET @saved_cs_client     = @@character_set_client */;
/*!50503 SET character_set_client = utf8mb4 */;
CREATE TABLE `django_admin_log` (
  `id` int(11) NOT NULL AUTO_INCREMENT,
  `action_time` datetime(6) NOT NULL,
  `object_id` longtext COLLATE utf8mb4_unicode_ci,
  `object_repr` varchar(200) COLLATE utf8mb4_unicode_ci NOT NULL,
  `action_flag` smallint(5) unsigned NOT NULL,
  `change_message` longtext COLLATE utf8mb4_unicode_ci NOT NULL,
  `content_type_id` int(11) DEFAULT NULL,
  `user_id` int(11) NOT NULL,
  PRIMARY KEY (`id`),
  KEY `django_admin_log_content_type_id_c4bce8eb_fk_django_co` (`content_type_id`),
  KEY `django_admin_log_user_id_c564eba6_fk_auth_user_id` (`user_id`),
  CONSTRAINT `django_admin_log_content_type_id_c4bce8eb_fk_django_co` FOREIGN KEY (`content_type_id`) REFERENCES `django_content_type` (`id`),
  CONSTRAINT `django_admin_log_user_id_c564eba6_fk_auth_user_id` FOREIGN KEY (`user_id`) REFERENCES `auth_user` (`id`),
  CONSTRAINT `django_admin_log_chk_1` CHECK ((`action_flag` >= 0))
) ENGINE=InnoDB AUTO_INCREMENT=7 DEFAULT CHARSET=utf8mb4 COLLATE=utf8mb4_unicode_ci;
/*!40101 SET character_set_client = @saved_cs_client */;

--
-- Dumping data for table `django_admin_log`
--

LOCK TABLES `django_admin_log` WRITE;
/*!40000 ALTER TABLE `django_admin_log` DISABLE KEYS */;
INSERT INTO `django_admin_log` VALUES (1,'2026-02-12 16:56:38.525344','1','аєАаЄЮаЄКаєАаєАаЄЧаєЙ',1,'[{\"added\": {}}]',7,1),(2,'2026-02-12 18:21:36.770199','2','аєДаЄІаЄЩаєМ',1,'[{\"added\": {}}]',7,1),(3,'2026-02-12 18:24:10.967689','1','аЄ£аЄ≠аЄЗаєАаЄЧаєЙаЄ≤аЄ™аЄ•аЄіаЄЫаєАаЄЫаЄ≠аЄ£аєМ',2,'[{\"changed\": {\"fields\": [\"Name\", \"Price\", \"Image\"]}}]',7,1),(4,'2026-02-12 18:25:49.747055','3','аЄБаЄ≤аЄХаєЙаЄ°аЄЩаєЙаЄ≥',1,'[{\"added\": {}}]',7,1),(5,'2026-02-12 18:27:24.902889','4','аЄ™аЄЪаЄєаєИаЄБаєЙаЄ≠аЄЩаєАаЄ•аєЗаЄБ,',1,'[{\"added\": {}}]',7,1),(6,'2026-02-12 18:30:42.729456','5','аЄБаЄ•аєИаЄ≠аЄЗаЄЧаЄіаЄ™аЄКаЄєаєЙ',1,'[{\"added\": {}}]',7,1);
/*!40000 ALTER TABLE `django_admin_log` ENABLE KEYS */;
UNLOCK TABLES;

--
-- Table structure for table `django_content_type`
--

DROP TABLE IF EXISTS `django_content_type`;
/*!40101 SET @saved_cs_client     = @@character_set_client */;
/*!50503 SET character_set_client = utf8mb4 */;
CREATE TABLE `django_content_type` (
  `id` int(11) NOT NULL AUTO_INCREMENT,
  `app_label` varchar(100) COLLATE utf8mb4_unicode_ci NOT NULL,
  `model` varchar(100) COLLATE utf8mb4_unicode_ci NOT NULL,
  PRIMARY KEY (`id`),
  UNIQUE KEY `django_content_type_app_label_model_76bd3d3b_uniq` (`app_label`,`model`)
) ENGINE=InnoDB AUTO_INCREMENT=15 DEFAULT CHARSET=utf8mb4 COLLATE=utf8mb4_unicode_ci;
/*!40101 SET character_set_client = @saved_cs_client */;

--
-- Dumping data for table `django_content_type`
--

LOCK TABLES `django_content_type` WRITE;
/*!40000 ALTER TABLE `django_content_type` DISABLE KEYS */;
INSERT INTO `django_content_type` VALUES (1,'admin','logentry'),(3,'auth','group'),(2,'auth','permission'),(4,'auth','user'),(5,'contenttypes','contenttype'),(10,'orders','notification'),(11,'orders','order'),(12,'orders','orderitem'),(13,'orders','paymentslip'),(14,'orders','shippingaddress'),(6,'sessions','session'),(8,'shop','cart'),(9,'shop','cartitem'),(7,'shop','product');
/*!40000 ALTER TABLE `django_content_type` ENABLE KEYS */;
UNLOCK TABLES;

--
-- Table structure for table `django_migrations`
--

DROP TABLE IF EXISTS `django_migrations`;
/*!40101 SET @saved_cs_client     = @@character_set_client */;
/*!50503 SET character_set_client = utf8mb4 */;
CREATE TABLE `django_migrations` (
  `id` bigint(20) NOT NULL AUTO_INCREMENT,
  `app` varchar(255) COLLATE utf8mb4_unicode_ci NOT NULL,
  `name` varchar(255) COLLATE utf8mb4_unicode_ci NOT NULL,
  `applied` datetime(6) NOT NULL,
  PRIMARY KEY (`id`)
) ENGINE=InnoDB AUTO_INCREMENT=21 DEFAULT CHARSET=utf8mb4 COLLATE=utf8mb4_unicode_ci;
/*!40101 SET character_set_client = @saved_cs_client */;

--
-- Dumping data for table `django_migrations`
--

LOCK TABLES `django_migrations` WRITE;
/*!40000 ALTER TABLE `django_migrations` DISABLE KEYS */;
INSERT INTO `django_migrations` VALUES (1,'contenttypes','0001_initial','2026-02-12 16:00:13.255895'),(2,'auth','0001_initial','2026-02-12 16:00:14.099751'),(3,'admin','0001_initial','2026-02-12 16:00:14.338598'),(4,'admin','0002_logentry_remove_auto_add','2026-02-12 16:00:14.348321'),(5,'admin','0003_logentry_add_action_flag_choices','2026-02-12 16:00:14.363571'),(6,'contenttypes','0002_remove_content_type_name','2026-02-12 16:00:14.492930'),(7,'auth','0002_alter_permission_name_max_length','2026-02-12 16:00:14.580941'),(8,'auth','0003_alter_user_email_max_length','2026-02-12 16:00:14.625782'),(9,'auth','0004_alter_user_username_opts','2026-02-12 16:00:14.638137'),(10,'auth','0005_alter_user_last_login_null','2026-02-12 16:00:14.713362'),(11,'auth','0006_require_contenttypes_0002','2026-02-12 16:00:14.717235'),(12,'auth','0007_alter_validators_add_error_messages','2026-02-12 16:00:14.726543'),(13,'auth','0008_alter_user_username_max_length','2026-02-12 16:00:14.815608'),(14,'auth','0009_alter_user_last_name_max_length','2026-02-12 16:00:14.899014'),(15,'auth','0010_alter_group_name_max_length','2026-02-12 16:00:14.925425'),(16,'auth','0011_update_proxy_permissions','2026-02-12 16:00:14.941727'),(17,'auth','0012_alter_user_first_name_max_length','2026-02-12 16:00:15.046789'),(18,'shop','0001_initial','2026-02-12 16:00:15.405272'),(19,'orders','0001_initial','2026-02-12 16:00:16.099878'),(20,'sessions','0001_initial','2026-02-12 16:00:16.177639');
/*!40000 ALTER TABLE `django_migrations` ENABLE KEYS */;
UNLOCK TABLES;

--
-- Table structure for table `django_session`
--

DROP TABLE IF EXISTS `django_session`;
/*!40101 SET @saved_cs_client     = @@character_set_client */;
/*!50503 SET character_set_client = utf8mb4 */;
CREATE TABLE `django_session` (
  `session_key` varchar(40) COLLATE utf8mb4_unicode_ci NOT NULL,
  `session_data` longtext COLLATE utf8mb4_unicode_ci NOT NULL,
  `expire_date` datetime(6) NOT NULL,
  PRIMARY KEY (`session_key`),
  KEY `django_session_expire_date_a5c62663` (`expire_date`)
) ENGINE=InnoDB DEFAULT CHARSET=utf8mb4 COLLATE=utf8mb4_unicode_ci;
/*!40101 SET character_set_client = @saved_cs_client */;

--
-- Dumping data for table `django_session`
--

LOCK TABLES `django_session` WRITE;
/*!40000 ALTER TABLE `django_session` DISABLE KEYS */;
INSERT INTO `django_session` VALUES ('qs9dxcp9v0bn1q8r0bav1x4yfa4z7a8p','.eJxVjEEOwiAUBe_C2hAoFD4u3XuG5n2gtmogKe3KeHdt0oVu38y8lxiwrdOwtbwMcxJnocXpd2PERy47SHeUW5WxlnWZWe6KPGiT15ry83K4fwcT2vStO6JEI3kiQ4hOjcYERGhNoVfMtvcObLz1AAUmWDuqzmW20MG6DuL9AcxRN1A:1vrp2A:UBV9hd_ePFixXKHJ09ugN6xsJEbRqj9DeXCbbOyIdlo','2026-03-02 03:12:26.348216'),('zgdt58jo5zfp5kp02pd54iyxy1rcxma5','.eJxVjEEOwiAUBe_C2hAoFD4u3XuG5n2gtmogKe3KeHdt0oVu38y8lxiwrdOwtbwMcxJnocXpd2PERy47SHeUW5WxlnWZWe6KPGiT15ry83K4fwcT2vStO6JEI3kiQ4hOjcYERGhNoVfMtvcObLz1AAUmWDuqzmW20MG6DuL9AcxRN1A:1vqZwI:07IhA38qWSG_Gr-YtUdmvjlyOQBmz1pPHd6mhCATZNI','2026-02-26 16:53:14.600365');
/*!40000 ALTER TABLE `django_session` ENABLE KEYS */;
UNLOCK TABLES;

--
-- Table structure for table `orders_notification`
--

DROP TABLE IF EXISTS `orders_notification`;
/*!40101 SET @saved_cs_client     = @@character_set_client */;
/*!50503 SET character_set_client = utf8mb4 */;
CREATE TABLE `orders_notification` (
  `id` bigint(20) NOT NULL AUTO_INCREMENT,
  `title` varchar(255) COLLATE utf8mb4_unicode_ci NOT NULL,
  `message` longtext COLLATE utf8mb4_unicode_ci NOT NULL,
  `created_at` datetime(6) NOT NULL,
  `is_read` tinyint(1) NOT NULL,
  `user_id` int(11) NOT NULL,
  PRIMARY KEY (`id`),
  KEY `orders_notification_user_id_b3f6f5aa_fk_auth_user_id` (`user_id`),
  CONSTRAINT `orders_notification_user_id_b3f6f5aa_fk_auth_user_id` FOREIGN KEY (`user_id`) REFERENCES `auth_user` (`id`)
) ENGINE=InnoDB AUTO_INCREMENT=2 DEFAULT CHARSET=utf8mb4 COLLATE=utf8mb4_unicode_ci;
/*!40101 SET character_set_client = @saved_cs_client */;

--
-- Dumping data for table `orders_notification`
--

LOCK TABLES `orders_notification` WRITE;
/*!40000 ALTER TABLE `orders_notification` DISABLE KEYS */;
INSERT INTO `orders_notification` VALUES (1,'аЄ™аЄ£аєЙаЄ≤аЄЗаЄДаЄ≥аЄ™аЄ±аєИаЄЗаЄЛаЄЈаєЙаЄ≠аЄ™аЄ≥аєАаЄ£аєЗаЄИ','аЄДаЄ≥аЄ™аЄ±аєИаЄЗаЄЛаЄЈаєЙаЄ≠ #1 аЄЦаЄєаЄБаЄ™аЄ£аєЙаЄ≤аЄЗаєБаЄ•аєЙаЄІ','2026-02-12 17:31:02.693935',0,1);
/*!40000 ALTER TABLE `orders_notification` ENABLE KEYS */;
UNLOCK TABLES;

--
-- Table structure for table `orders_order`
--

DROP TABLE IF EXISTS `orders_order`;
/*!40101 SET @saved_cs_client     = @@character_set_client */;
/*!50503 SET character_set_client = utf8mb4 */;
CREATE TABLE `orders_order` (
  `id` bigint(20) NOT NULL AUTO_INCREMENT,
  `payment_method` varchar(20) COLLATE utf8mb4_unicode_ci NOT NULL,
  `status` varchar(20) COLLATE utf8mb4_unicode_ci NOT NULL,
  `total` decimal(12,2) NOT NULL,
  `created_at` datetime(6) NOT NULL,
  `user_id` int(11) NOT NULL,
  `shipping_id` bigint(20) NOT NULL,
  PRIMARY KEY (`id`),
  KEY `orders_order_shipping_id_4f066195_fk_orders_shippingaddress_id` (`shipping_id`),
  KEY `orders_order_user_id_e9b59eb1_fk_auth_user_id` (`user_id`),
  CONSTRAINT `orders_order_shipping_id_4f066195_fk_orders_shippingaddress_id` FOREIGN KEY (`shipping_id`) REFERENCES `orders_shippingaddress` (`id`),
  CONSTRAINT `orders_order_user_id_e9b59eb1_fk_auth_user_id` FOREIGN KEY (`user_id`) REFERENCES `auth_user` (`id`)
) ENGINE=InnoDB AUTO_INCREMENT=2 DEFAULT CHARSET=utf8mb4 COLLATE=utf8mb4_unicode_ci;
/*!40101 SET character_set_client = @saved_cs_client */;

--
-- Dumping data for table `orders_order`
--

LOCK TABLES `orders_order` WRITE;
/*!40000 ALTER TABLE `orders_order` DISABLE KEYS */;
INSERT INTO `orders_order` VALUES (1,'COD','PENDING',60000.00,'2026-02-12 17:31:02.544496',1,1);
/*!40000 ALTER TABLE `orders_order` ENABLE KEYS */;
UNLOCK TABLES;

--
-- Table structure for table `orders_orderitem`
--

DROP TABLE IF EXISTS `orders_orderitem`;
/*!40101 SET @saved_cs_client     = @@character_set_client */;
/*!50503 SET character_set_client = utf8mb4 */;
CREATE TABLE `orders_orderitem` (
  `id` bigint(20) NOT NULL AUTO_INCREMENT,
  `price` decimal(10,2) NOT NULL,
  `qty` int(10) unsigned NOT NULL,
  `order_id` bigint(20) NOT NULL,
  `product_id` bigint(20) NOT NULL,
  PRIMARY KEY (`id`),
  KEY `orders_orderitem_order_id_fe61a34d_fk_orders_order_id` (`order_id`),
  KEY `orders_orderitem_product_id_afe4254a_fk_shop_product_id` (`product_id`),
  CONSTRAINT `orders_orderitem_order_id_fe61a34d_fk_orders_order_id` FOREIGN KEY (`order_id`) REFERENCES `orders_order` (`id`),
  CONSTRAINT `orders_orderitem_product_id_afe4254a_fk_shop_product_id` FOREIGN KEY (`product_id`) REFERENCES `shop_product` (`id`),
  CONSTRAINT `orders_orderitem_chk_1` CHECK ((`qty` >= 0))
) ENGINE=InnoDB AUTO_INCREMENT=2 DEFAULT CHARSET=utf8mb4 COLLATE=utf8mb4_unicode_ci;
/*!40101 SET character_set_client = @saved_cs_client */;

--
-- Dumping data for table `orders_orderitem`
--

LOCK TABLES `orders_orderitem` WRITE;
/*!40000 ALTER TABLE `orders_orderitem` DISABLE KEYS */;
INSERT INTO `orders_orderitem` VALUES (1,30000.00,2,1,1);
/*!40000 ALTER TABLE `orders_orderitem` ENABLE KEYS */;
UNLOCK TABLES;

--
-- Table structure for table `orders_paymentslip`
--

DROP TABLE IF EXISTS `orders_paymentslip`;
/*!40101 SET @saved_cs_client     = @@character_set_client */;
/*!50503 SET character_set_client = utf8mb4 */;
CREATE TABLE `orders_paymentslip` (
  `id` bigint(20) NOT NULL AUTO_INCREMENT,
  `image` varchar(100) COLLATE utf8mb4_unicode_ci NOT NULL,
  `approved` tinyint(1) DEFAULT NULL,
  `note` longtext COLLATE utf8mb4_unicode_ci NOT NULL,
  `checked_at` datetime(6) DEFAULT NULL,
  `order_id` bigint(20) NOT NULL,
  PRIMARY KEY (`id`),
  UNIQUE KEY `order_id` (`order_id`),
  CONSTRAINT `orders_paymentslip_order_id_6efb1965_fk_orders_order_id` FOREIGN KEY (`order_id`) REFERENCES `orders_order` (`id`)
) ENGINE=InnoDB DEFAULT CHARSET=utf8mb4 COLLATE=utf8mb4_unicode_ci;
/*!40101 SET character_set_client = @saved_cs_client */;

--
-- Dumping data for table `orders_paymentslip`
--

LOCK TABLES `orders_paymentslip` WRITE;
/*!40000 ALTER TABLE `orders_paymentslip` DISABLE KEYS */;
/*!40000 ALTER TABLE `orders_paymentslip` ENABLE KEYS */;
UNLOCK TABLES;

--
-- Table structure for table `orders_shippingaddress`
--

DROP TABLE IF EXISTS `orders_shippingaddress`;
/*!40101 SET @saved_cs_client     = @@character_set_client */;
/*!50503 SET character_set_client = utf8mb4 */;
CREATE TABLE `orders_shippingaddress` (
  `id` bigint(20) NOT NULL AUTO_INCREMENT,
  `full_name` varchar(255) COLLATE utf8mb4_unicode_ci NOT NULL,
  `phone` varchar(30) COLLATE utf8mb4_unicode_ci NOT NULL,
  `address_line` longtext COLLATE utf8mb4_unicode_ci NOT NULL,
  `created_at` datetime(6) NOT NULL,
  `user_id` int(11) NOT NULL,
  PRIMARY KEY (`id`),
  KEY `orders_shippingaddress_user_id_179363b0_fk_auth_user_id` (`user_id`),
  CONSTRAINT `orders_shippingaddress_user_id_179363b0_fk_auth_user_id` FOREIGN KEY (`user_id`) REFERENCES `auth_user` (`id`)
) ENGINE=InnoDB AUTO_INCREMENT=2 DEFAULT CHARSET=utf8mb4 COLLATE=utf8mb4_unicode_ci;
/*!40101 SET character_set_client = @saved_cs_client */;

--
-- Dumping data for table `orders_shippingaddress`
--

LOCK TABLES `orders_shippingaddress` WRITE;
/*!40000 ALTER TABLE `orders_shippingaddress` DISABLE KEYS */;
INSERT INTO `orders_shippingaddress` VALUES (1,'аЄ†аЄ≤аЄЩаЄЄаЄІаЄ±аЄТаЄЩаєМ аЄЮаЄіаЄКаЄ±аЄҐаєАаЄКаЄіаЄФ 128','0647810688','аЄ≤аЄЂаЄЪаЄБаЄ≤аєАаЄЪаЄЂаЄ≤аєА','2026-02-12 17:31:02.461000',1);
/*!40000 ALTER TABLE `orders_shippingaddress` ENABLE KEYS */;
UNLOCK TABLES;

--
-- Table structure for table `shop_cart`
--

DROP TABLE IF EXISTS `shop_cart`;
/*!40101 SET @saved_cs_client     = @@character_set_client */;
/*!50503 SET character_set_client = utf8mb4 */;
CREATE TABLE `shop_cart` (
  `id` bigint(20) NOT NULL AUTO_INCREMENT,
  `updated_at` datetime(6) NOT NULL,
  `user_id` int(11) NOT NULL,
  PRIMARY KEY (`id`),
  UNIQUE KEY `user_id` (`user_id`),
  CONSTRAINT `shop_cart_user_id_27925ac6_fk_auth_user_id` FOREIGN KEY (`user_id`) REFERENCES `auth_user` (`id`)
) ENGINE=InnoDB AUTO_INCREMENT=2 DEFAULT CHARSET=utf8mb4 COLLATE=utf8mb4_unicode_ci;
/*!40101 SET character_set_client = @saved_cs_client */;

--
-- Dumping data for table `shop_cart`
--

LOCK TABLES `shop_cart` WRITE;
/*!40000 ALTER TABLE `shop_cart` DISABLE KEYS */;
INSERT INTO `shop_cart` VALUES (1,'2026-02-12 17:12:14.323150',1);
/*!40000 ALTER TABLE `shop_cart` ENABLE KEYS */;
UNLOCK TABLES;

--
-- Table structure for table `shop_cartitem`
--

DROP TABLE IF EXISTS `shop_cartitem`;
/*!40101 SET @saved_cs_client     = @@character_set_client */;
/*!50503 SET character_set_client = utf8mb4 */;
CREATE TABLE `shop_cartitem` (
  `id` bigint(20) NOT NULL AUTO_INCREMENT,
  `qty` int(10) unsigned NOT NULL,
  `cart_id` bigint(20) NOT NULL,
  `product_id` bigint(20) NOT NULL,
  PRIMARY KEY (`id`),
  UNIQUE KEY `shop_cartitem_cart_id_product_id_eacadbd7_uniq` (`cart_id`,`product_id`),
  KEY `shop_cartitem_product_id_09e4b7dd_fk_shop_product_id` (`product_id`),
  CONSTRAINT `shop_cartitem_cart_id_6bf1447e_fk_shop_cart_id` FOREIGN KEY (`cart_id`) REFERENCES `shop_cart` (`id`),
  CONSTRAINT `shop_cartitem_product_id_09e4b7dd_fk_shop_product_id` FOREIGN KEY (`product_id`) REFERENCES `shop_product` (`id`),
  CONSTRAINT `shop_cartitem_chk_1` CHECK ((`qty` >= 0))
) ENGINE=InnoDB AUTO_INCREMENT=5 DEFAULT CHARSET=utf8mb4 COLLATE=utf8mb4_unicode_ci;
/*!40101 SET character_set_client = @saved_cs_client */;

--
-- Dumping data for table `shop_cartitem`
--

LOCK TABLES `shop_cartitem` WRITE;
/*!40000 ALTER TABLE `shop_cartitem` DISABLE KEYS */;
INSERT INTO `shop_cartitem` VALUES (4,1,1,4);
/*!40000 ALTER TABLE `shop_cartitem` ENABLE KEYS */;
UNLOCK TABLES;

--
-- Table structure for table `shop_product`
--

DROP TABLE IF EXISTS `shop_product`;
/*!40101 SET @saved_cs_client     = @@character_set_client */;
/*!50503 SET character_set_client = utf8mb4 */;
CREATE TABLE `shop_product` (
  `id` bigint(20) NOT NULL AUTO_INCREMENT,
  `name` varchar(255) COLLATE utf8mb4_unicode_ci NOT NULL,
  `price` decimal(10,2) NOT NULL,
  `stock` int(10) unsigned NOT NULL,
  `image` varchar(100) COLLATE utf8mb4_unicode_ci DEFAULT NULL,
  `is_active` tinyint(1) NOT NULL,
  PRIMARY KEY (`id`),
  CONSTRAINT `shop_product_chk_1` CHECK ((`stock` >= 0))
) ENGINE=InnoDB AUTO_INCREMENT=6 DEFAULT CHARSET=utf8mb4 COLLATE=utf8mb4_unicode_ci;
/*!40101 SET character_set_client = @saved_cs_client */;

--
-- Dumping data for table `shop_product`
--

LOCK TABLES `shop_product` WRITE;
/*!40000 ALTER TABLE `shop_product` DISABLE KEYS */;
INSERT INTO `shop_product` VALUES (1,'аЄ£аЄ≠аЄЗаєАаЄЧаєЙаЄ≤аЄ™аЄ•аЄіаЄЫаєАаЄЫаЄ≠аЄ£аєМ',3000.00,27,'products/аЄ™аЄ•аЄЫаєАаЄЫаЄ≠аЄ£-аЄЂаЄІаЄЫаЄФ.jpg',1),(2,'аєДаЄІаЄЩаєМ',600.00,34,'products/images.jpg',1),(3,'аЄБаЄ≤аЄХаєЙаЄ°аЄЩаєЙаЄ≥',300.00,20,'products/images_1.jpg',1),(4,'аЄ™аЄЪаЄєаєИаЄБаєЙаЄ≠аЄЩаєАаЄ•аєЗаЄБ,',50.00,100,'products/acevpw.jpg',1),(5,'аЄБаЄ•аєИаЄ≠аЄЗаЄЧаЄіаЄ™аЄКаЄєаєЙ',200.00,50,'products/HARLOW_TissueBox_1.webp',1);
/*!40000 ALTER TABLE `shop_product` ENABLE KEYS */;
UNLOCK TABLES;

--
-- Dumping routines for database 'ecommerce_db'
--
/*!40103 SET TIME_ZONE=@OLD_TIME_ZONE */;

/*!40101 SET SQL_MODE=@OLD_SQL_MODE */;
/*!40014 SET FOREIGN_KEY_CHECKS=@OLD_FOREIGN_KEY_CHECKS */;
/*!40014 SET UNIQUE_CHECKS=@OLD_UNIQUE_CHECKS */;
/*!40101 SET CHARACTER_SET_CLIENT=@OLD_CHARACTER_SET_CLIENT */;
/*!40101 SET CHARACTER_SET_RESULTS=@OLD_CHARACTER_SET_RESULTS */;
/*!40101 SET COLLATION_CONNECTION=@OLD_COLLATION_CONNECTION */;
/*!40111 SET SQL_NOTES=@OLD_SQL_NOTES */;

-- Dump completed on 2026-02-16 11:22:47
